{
    "simple_01": { "simple_t": {
        "m_int8": { "int8": -10 },
        "m_int16": { "int16": -20 },
        "m_int32": { "int32": -30 },
        "m_int64": { "int64": -40 },
        "m_uint8": { "uint8": 10 },
        "m_uint16": { "uint16": 20 },
        "m_uint32": { "uint32": 30 },
        "m_uint64": { "uint64": 40 },
        "m_float": { "float": 1.100000 },
        "m_double": { "double": 2.200000 },
        "m_bool": { "bool": true },
        "m_cstr": { "cstr": "hello world!" },
        "m_string": { "string": "foobar" },
        "m_strid": { "strid": "exsdk" },
        "m_vec2f": { "vec2f": [2.100000,2.200000] },
        "m_vec3f": { "vec3f": [3.100000,3.200000,3.300000] },
        "m_vec4f": { "vec4f": [4.100000,4.200000,4.300000,4.400000] },
        "m_mat22f": { "mat22f": [22.110000,22.120000,22.210000,22.220000] },
        "m_mat33f": { "mat33f": [33.110000,33.120000,33.130000,33.210000,33.220000,33.230000,33.310000,33.320000,33.330000] },
        "m_mat44f": { "mat44f": [44.110000,44.120000,44.130000,44.140000,44.210000,44.220000,44.230000,44.240000,44.310000,44.320000,44.330000,44.340000,44.410000,44.420000,44.430000,44.440000] },
        "m_quatf": { "quatf": [4.100000,4.200000,4.300000,4.400000] },
        "m_angf": { "angf": 12.300000 },
        "m_color3f": { "color3f": [0.500000,0.600000,0.700000] },
        "m_color3u": { "color3u": [128,150,166] },
        "m_color4f": { "color4f": [0.500000,0.600000,0.700000,1.000000] },
        "m_color4u": { "color4u": [128,150,166,255] }
    },
    "simple_02": { "simple_t": {
        "m_int8": { "int8": -10 },
        "m_int16": { "int16": -20 },
        "m_int32": { "int32": -30 },
        "m_int64": { "int64": -40 },
        "m_uint8": { "uint8": 10 },
        "m_uint16": { "uint16": 20 },
        "m_uint32": { "uint32": 30 },
        "m_uint64": { "uint64": 40 },
        "m_float": { "float": 1.100000 },
        "m_double": { "double": 2.200000 },
        "m_bool": { "bool": true },
        "m_cstr": { "cstr": "hello world 02!" },
        "m_string": { "string": "foobar" },
        "m_strid": { "strid": "exsdk_02" },
        "m_vec2f": { "vec2f": [2.100000,2.200000] },
        "m_vec3f": { "vec3f": [3.100000,3.200000,3.300000] },
        "m_vec4f": { "vec4f": [4.100000,4.200000,4.300000,4.400000] },
        "m_mat22f": { "mat22f": [22.110000,22.120000,22.210000,22.220000] },
        "m_mat33f": { "mat33f": [33.110000,33.120000,33.130000,33.210000,33.220000,33.230000,33.310000,33.320000,33.330000] },
        "m_mat44f": { "mat44f": [44.110000,44.120000,44.130000,44.140000,44.210000,44.220000,44.230000,44.240000,44.310000,44.320000,44.330000,44.340000,44.410000,44.420000,44.430000,44.440000] },
        "m_quatf": { "quatf": [4.100000,4.200000,4.300000,4.400000] },
        "m_angf": { "angf": 12.300000 },
        "m_color3f": { "color3f": [0.500000,0.600000,0.700000] },
        "m_color3u": { "color3u": [128,150,166] },
        "m_color4f": { "color4f": [0.500000,0.600000,0.700000,1.000000] },
        "m_color4u": { "color4u": [128,150,166,255] }
    }
}